name,no,link
比亚迪D1,https://ibb.co/vksMrY2,https://i.ibb.co/x6mrcHV/D1.jpg
比亚迪e1,https://ibb.co/JHKJX4M,https://i.ibb.co/M7s0q43/e1.jpg
比亚迪e3,https://ibb.co/bzvdcDy,https://i.ibb.co/NZNYcbk/e3.jpg
比亚迪e5,https://ibb.co/tC0T76r,https://i.ibb.co/QmW32Vw/e5.jpg
比亚迪e6,https://ibb.co/5Gg4vqb,https://i.ibb.co/fqzFtmj/e6.jpg
比亚迪F3,https://ibb.co/4t8QyRd,https://i.ibb.co/Kh21Zxw/F3.jpg
比亚迪M6,https://ibb.co/qn9byZN,https://i.ibb.co/0XZPDwC/M6.jpg
海豚,https://ibb.co/HVcL7q7,https://i.ibb.co/7X3xvKv/image.png
汉,https://ibb.co/1s6cpsB,https://i.ibb.co/z8JdL8C/image.png
秦,https://ibb.co/Gc7yjsF,https://i.ibb.co/yW0tJhV/image.png
秦Pro,https://ibb.co/4frg78k,https://i.ibb.co/SxC7PtS/Pro.png
秦新能源,https://ibb.co/D7DcJt8,https://i.ibb.co/WcW8h6P/image.jpg
宋,https://ibb.co/RPMkMy5,https://i.ibb.co/ZKwpwmZ/image.png
宋MAX,https://ibb.co/JCbFybC,https://i.ibb.co/XVdk3dV/MAX.png
宋MAX新能源,https://ibb.co/JxK1dkk,https://i.ibb.co/SQPjxvv/MAX.png
宋PLUS,https://ibb.co/9n55zJ6,https://i.ibb.co/BLMMdmb/PLUS.png
宋新能源,https://ibb.co/1bftG3c,https://i.ibb.co/FnbL49p/image.png
唐,https://ibb.co/vhmGPCF,https://i.ibb.co/42MGTwq/image.jpg
唐新能源,https://ibb.co/xCJHzZN,https://i.ibb.co/Lkn59K3/image.png
元新能源,https://ibb.co/0ftL0mR,https://i.ibb.co/tbX60QT/image.jpg
