name,link
ID.4 X,https://i.postimg.cc/Wp62pZYQ/ID-4-X.jpg
ID.6 X  ,https://i.postimg.cc/8c1gfyXx/ID-6-X.jpg
Polo    ,https://i.postimg.cc/Cxt0rsdf/Polo.jpg
凌渡    ,https://i.postimg.cc/GhXdGCCK/image.jpg
大众ID.3,https://i.postimg.cc/wvYpgxXq/ID-3.jpg
威然    ,https://i.postimg.cc/Dw4H0ky8/image.jpg
帕萨特  ,https://i.postimg.cc/wv5dvK2h/image.jpg
帕萨特新能源,https://i.postimg.cc/k4vkCQMs/image.jpg
朗行,https://i.postimg.cc/X7jnrvTX/image.jpg
朗逸,https://i.postimg.cc/FKL4MkJC/image.jpg
朗逸纯电,https://i.postimg.cc/9QzVBnXh/image.jpg
桑塔纳,https://i.postimg.cc/kGf3QxkG/image.jpg
桑塔纳·浩纳,https://i.postimg.cc/HkfG9WPw/image.jpg
辉昂,https://i.postimg.cc/sfcrCrvz/image.jpg
途安,https://i.postimg.cc/9Q459w1X/image.jpg
途岳,https://i.postimg.cc/J07SzsGL/image.jpg
途岳新能源,https://i.postimg.cc/RCGjbLDV/image.jpg
途昂,https://i.postimg.cc/NfCvLk6P/image.png
途昂X,https://i.postimg.cc/rFwL8Prr/X.jpg
途观,https://i.postimg.cc/q7nPbf99/image.jpg
途观L,https://i.postimg.cc/PxjB03HN/L.jpg
途观L新能源,https://i.postimg.cc/KvzdX367/L.jpg
途观X,https://i.postimg.cc/4y8q7X9h/X.jpg
途铠,https://i.postimg.cc/HshFTsmq/image.jpg
